2022年美国动作惊悚片《灰影人》HD中英双字,"magnet:?xt=urn:btih:032719f4ad6c2d94c40d366662714a27fd37fe70&dn=[电影天堂www.dytt89.com]灰影人-2022_HD中英双字.mp4&tr=http://t.t789.me:2710/announce&tr=http://t.t789.co:2710/announce&tr=http://t.t789.vip:2710/announce"">magnet:?xt=urn:btih:032719f4ad6c2d94c40d366662714a27fd37fe70&dn=[电影天堂www.dytt89.com]灰影人-2022_HD中英双字.mp4"
2022年韩国7.7分动作犯罪片《犯罪都市2》BD韩语中字,"magnet:?xt=urn:btih:42a3676cb40fa399c9394ba9247f8f5ab3a29b9c&dn=[电影天堂www.dytt89.com]犯罪都市2-2022_BD韩语中字.mp4&tr=http://t.t789.me:2710/announce&tr=http://t.t789.co:2710/announce&tr=http://t.t789.vip:2710/announce"">magnet:?xt=urn:btih:42a3676cb40fa399c9394ba9247f8f5ab3a29b9c&dn=[电影天堂www.dytt89.com]犯罪都市2-2022_BD韩语中字.mp4"
2021年美国动作科幻片《末日激战》蓝光中英双字,"magnet:?xt=urn:btih:41ee2e103ac93e8f60ec49679c3f94fac702b89a&dn=[电影天堂www.dytt89.com]末日激战-2021_蓝光中英双字.mp4&tr=http://t.t789.me:2710/announce&tr=http://t.t789.co:2710/announce&tr=http://t.t789.vip:2710/announce"">magnet:?xt=urn:btih:41ee2e103ac93e8f60ec49679c3f94fac702b89a&dn=[电影天堂www.dytt89.com]末日激战-2021_蓝光中英双字.mp4"
2022年韩国动作悬疑片《魔女2》BD韩语中字,"magnet:?xt=urn:btih:fe416e379243bf15b3e08a8d963c7251e13bf044&dn=[电影天堂www.dytt89.com]魔女2-2022_BD韩语中字.mp4&tr=http://t.t789.me:2710/announce&tr=http://t.t789.co:2710/announce&tr=http://t.t789.vip:2710/announce"">magnet:?xt=urn:btih:fe416e379243bf15b3e08a8d963c7251e13bf044&dn=[电影天堂www.dytt89.com]魔女2-2022_BD韩语中字.mp4"
2022年美国6.3分动作科幻片《侏罗纪世界3》蓝光中英双字,"magnet:?xt=urn:btih:c2972b8c7f161c929bc29b24360af4f990db6b5a&dn=[电影天堂www.dytt89.com]侏罗纪世界3-2022_蓝光中英双字.mp4&tr=http://t.t789.me:2710/announce&tr=http://t.t789.co:2710/announce&tr=http://t.t789.vip:2710/announce"">magnet:?xt=urn:btih:c2972b8c7f161c929bc29b24360af4f990db6b5a&dn=[电影天堂www.dytt89.com]侏罗纪世界3-2022_蓝光中英双字.mp4"
2022年国产动作犯罪片《烈探》HD国粤双语中字,"magnet:?xt=urn:btih:62e632e1412af4eb8b22a910bfd72a03a64b75ae&dn=[电影天堂www.dytt89.com]烈探-2022_HD粤语中字.mp4&tr=http://t.t789.me:2710/announce&tr=http://t.t789.co:2710/announce&tr=http://t.t789.vip:2710/announce"">magnet:?xt=urn:btih:62e632e1412af4eb8b22a910bfd72a03a64b75ae&dn=[电影天堂www.dytt89.com]烈探-2022_HD粤语中字.mp4"
2022年美国8.3分动画片《青春变形记》蓝光国粤英3语中字,"magnet:?xt=urn:btih:5e9075837dd63d32cefa71012f1a2d89261fa58f&dn=[电影天堂www.dytt89.com]青春变形记-2022_蓝光国粤英3语中字.mp4&tr=http://t.t789.me:2710/announce&tr=http://t.t789.co:2710/announce&tr=http://t.t789.vip:2710/announce"">magnet:?xt=urn:btih:5e9075837dd63d32cefa71012f1a2d89261fa58f&dn=[电影天堂www.dytt89.com]青春变形记-2022_蓝光国粤英3语中字.mp4"
2022年美国动作奇幻片《奇异博士2：疯狂多元宇宙》蓝光中英双字,"magnet:?xt=urn:btih:03a9101415ee0ad5fc8b58fd9ee472ef1c2fc484&dn=[电影天堂www.dytt89.com]奇异博士2：疯狂多元宇宙-2022_蓝光中英双字.mp4&tr=http://t.t789.me:2710/announce&tr=http://t.t789.co:2710/announce&tr=http://t.t789.vip:2710/announce"">magnet:?xt=urn:btih:03a9101415ee0ad5fc8b58fd9ee472ef1c2fc484&dn=[电影天堂www.dytt89.com]奇异博士2：疯狂多元宇宙-2022_蓝光中英双字.mp4"
2021年中国香港动作犯罪片《反贪风暴5：最终章》蓝光双语中字,"magnet:?xt=urn:btih:61f0db431945e3c87820d6f8b1abdec280d405e7&dn=[电影天堂www.dytt89.com]反贪风暴5：最终章-2021_蓝光国粤双语中字.mp4&tr=http://t.t789.me:2710/announce&tr=http://t.t789.co:2710/announce&tr=http://t.t789.vip:2710/announce"">magnet:?xt=urn:btih:61f0db431945e3c87820d6f8b1abdec280d405e7&dn=[电影天堂www.dytt89.com]反贪风暴5：最终章-2021_蓝光国粤双语中字.mp4"
2022年美国8.3分喜剧奇幻片《瞬息全宇宙》蓝光中英双字,"magnet:?xt=urn:btih:6a3bff2c10457e609b68b6f09a7352aa93702982&dn=[电影天堂www.dytt89.com]瞬息全宇宙-2022_蓝光中英双字.mp4&tr=http://t.t789.me:2710/announce&tr=http://t.t789.co:2710/announce&tr=http://t.t789.vip:2710/announce"">magnet:?xt=urn:btih:6a3bff2c10457e609b68b6f09a7352aa93702982&dn=[电影天堂www.dytt89.com]瞬息全宇宙-2022_蓝光中英双字.mp4"
2022年英国8.3分爱情片《唐顿庄园2》BD中英双字,"magnet:?xt=urn:btih:a9889764eff1074bb910e7bab54c1bb94970b570&dn=[电影天堂www.dytt89.com]唐顿庄园2-2022_BD中英双字V3.mp4&tr=http://t.t789.me:2710/announce&tr=http://t.t789.co:2710/announce&tr=http://t.t789.vip:2710/announce"">magnet:?xt=urn:btih:a9889764eff1074bb910e7bab54c1bb94970b570&dn=[电影天堂www.dytt89.com]唐顿庄园2-2022_BD中英双字V3.mp4"
2022年美国科幻灾难片《月球陨落》蓝光中英双字,"magnet:?xt=urn:btih:518dc502d8614c04144019f039c63b608aced839&dn=[电影天堂www.dytt89.com]月球陨落-2022_蓝光中英双字.mp4&tr=http://t.t789.me:2710/announce&tr=http://t.t789.co:2710/announce&tr=http://t.t789.vip:2710/announce"">magnet:?xt=urn:btih:518dc502d8614c04144019f039c63b608aced839&dn=[电影天堂www.dytt89.com]月球陨落-2022_蓝光中英双字.mp4"
2022年英国奇幻片《神奇动物：邓布利多之谜》BD中英双字,"magnet:?xt=urn:btih:a1256c3e78e816997388be0e60835b8b8a0de679&dn=[电影天堂www.dytt89.com]神奇动物：邓布利多之谜-2022_BD中英双字.mp4&tr=http://t.t789.me:2710/announce&tr=http://t.t789.co:2710/announce&tr=http://t.t789.vip:2710/announce"">magnet:?xt=urn:btih:a1256c3e78e816997388be0e60835b8b8a0de679&dn=[电影天堂www.dytt89.com]神奇动物：邓布利多之谜-2022_BD中英双字.mp4"
2021年国产6.3分动作灾难片《峰爆》蓝光国语中字,"magnet:?xt=urn:btih:69053cdbee29af479dfc6919306fecc37ff9f377&dn=[电影天堂www.dytt89.com]峰爆-2021_蓝光国语中字.mp4&tr=http://t.t789.me:2710/announce&tr=http://t.t789.co:2710/announce&tr=http://t.t789.vip:2710/announce"">magnet:?xt=urn:btih:69053cdbee29af479dfc6919306fecc37ff9f377&dn=[电影天堂www.dytt89.com]峰爆-2021_蓝光国语中字.mp4"
2021年韩国6.9分恐怖古装片《王国：北方的阿信》蓝光韩语中字,"magnet:?xt=urn:btih:34b93ccbdd8e86efc0e10887d0bb7be1e722a9b1&dn=[电影天堂www.dytt89.com]王国：北方的阿信-2021_蓝光韩语中字.mp4&tr=http://t.t789.me:2710/announce&tr=http://t.t789.co:2710/announce&tr=http://t.t789.vip:2710/announce"">magnet:?xt=urn:btih:34b93ccbdd8e86efc0e10887d0bb7be1e722a9b1&dn=[电影天堂www.dytt89.com]王国：北方的阿信-2021_蓝光韩语中字.mp4"
